85,ReturnValsMutator
74,ReturnValsMutator
101,ReturnValsMutator
103,ReturnValsMutator
105,ReturnValsMutator
107,ReturnValsMutator
109,ReturnValsMutator
111,ReturnValsMutator
113,ReturnValsMutator
115,ReturnValsMutator
117,ReturnValsMutator
132,NegateConditionalsMutator
132,NegateConditionalsMutator
132,NegateConditionalsMutator
132,NegateConditionalsMutator
132,NegateConditionalsMutator
132,NegateConditionalsMutator
132,NegateConditionalsMutator
132,NegateConditionalsMutator
132,NegateConditionalsMutator
132,NegateConditionalsMutator
132,ReturnValsMutator
158,ConditionalsBoundaryMutator
158,IncrementsMutator
158,NegateConditionalsMutator
164,NegateConditionalsMutator
166,NegateConditionalsMutator
168,NegateConditionalsMutator
183,NegateConditionalsMutator
193,NegateConditionalsMutator
195,NegateConditionalsMutator
205,ReturnValsMutator
829,VoidMethodCallMutator
842,ReturnValsMutator
1007,NegateConditionalsMutator
1007,NegateConditionalsMutator
1011,ReturnValsMutator
854,ReturnValsMutator
972,ReturnValsMutator
984,NegateConditionalsMutator
985,ReturnValsMutator
866,ReturnValsMutator
878,ReturnValsMutator
891,ReturnValsMutator
901,ReturnValsMutator
913,ReturnValsMutator
925,ReturnValsMutator
935,ReturnValsMutator
962,ReturnValsMutator
69,ReturnValsMutator
540,ReturnValsMutator
539,VoidMethodCallMutator
527,ReturnValsMutator
526,VoidMethodCallMutator
545,ReturnValsMutator
74,NegateConditionalsMutator
79,NegateConditionalsMutator
86,ReturnValsMutator
57,ReturnValsMutator
266,ConditionalsBoundaryMutator
275,MathMutator
277,MathMutator
266,NegateConditionalsMutator
270,NegateConditionalsMutator
275,NegateConditionalsMutator
275,NegateConditionalsMutator
282,NegateConditionalsMutator
284,VoidMethodCallMutator
128,ConditionalsBoundaryMutator
153,ConditionalsBoundaryMutator
139,MathMutator
105,NegateConditionalsMutator
111,NegateConditionalsMutator
111,NegateConditionalsMutator
117,NegateConditionalsMutator
120,NegateConditionalsMutator
124,NegateConditionalsMutator
128,NegateConditionalsMutator
137,NegateConditionalsMutator
144,NegateConditionalsMutator
146,NegateConditionalsMutator
146,NegateConditionalsMutator
150,NegateConditionalsMutator
153,NegateConditionalsMutator
174,ReturnValsMutator
98,VoidMethodCallMutator
126,VoidMethodCallMutator
148,VoidMethodCallMutator
158,VoidMethodCallMutator
163,VoidMethodCallMutator
168,VoidMethodCallMutator
171,VoidMethodCallMutator
184,NegateConditionalsMutator
186,NegateConditionalsMutator
55,VoidMethodCallMutator
202,NegateConditionalsMutator
202,NegateConditionalsMutator
202,NegateConditionalsMutator
225,NegateConditionalsMutator
225,NegateConditionalsMutator
230,NegateConditionalsMutator
432,ReturnValsMutator
422,ReturnValsMutator
174,ReturnValsMutator
105,ReturnValsMutator
110,ReturnValsMutator
109,VoidMethodCallMutator
395,ConditionalsBoundaryMutator
392,NegateConditionalsMutator
392,NegateConditionalsMutator
395,NegateConditionalsMutator
400,NegateConditionalsMutator
408,ReturnValsMutator
357,ConditionalsBoundaryMutator
354,NegateConditionalsMutator
357,NegateConditionalsMutator
362,NegateConditionalsMutator
370,ReturnValsMutator
216,ReturnValsMutator
332,ReturnValsMutator
204,ReturnValsMutator
318,ReturnValsMutator
187,NegateConditionalsMutator
192,NegateConditionalsMutator
189,ReturnValsMutator
192,ReturnValsMutator
304,NegateConditionalsMutator
304,ReturnValsMutator
288,ReturnValsMutator
251,ReturnValsMutator
233,NegateConditionalsMutator
239,NegateConditionalsMutator
239,ReturnValsMutator
501,ReturnValsMutator
162,ReturnValsMutator
148,ReturnValsMutator
125,NegateConditionalsMutator
130,NegateConditionalsMutator
127,ReturnValsMutator
132,ReturnValsMutator
134,ReturnValsMutator
90,ReturnValsMutator
79,ReturnValsMutator
68,ReturnValsMutator
485,ReturnValsMutator
265,NegateConditionalsMutator
270,NegateConditionalsMutator
267,ReturnValsMutator
272,ReturnValsMutator
276,ReturnValsMutator
683,NegateConditionalsMutator
688,NegateConditionalsMutator
698,NegateConditionalsMutator
698,NegateConditionalsMutator
698,NegateConditionalsMutator
700,NegateConditionalsMutator
701,NegateConditionalsMutator
705,NegateConditionalsMutator
646,NegateConditionalsMutator
652,NegateConditionalsMutator
657,NegateConditionalsMutator
662,NegateConditionalsMutator
668,NegateConditionalsMutator
654,VoidMethodCallMutator
660,VoidMethodCallMutator
1038,ReturnValsMutator
1036,VoidMethodCallMutator
988,ConditionalsBoundaryMutator
994,ConditionalsBoundaryMutator
999,ConditionalsBoundaryMutator
1005,ConditionalsBoundaryMutator
1015,ConditionalsBoundaryMutator
1005,IncrementsMutator
990,MathMutator
996,MathMutator
999,MathMutator
1005,MathMutator
1021,MathMutator
988,NegateConditionalsMutator
988,NegateConditionalsMutator
994,NegateConditionalsMutator
994,NegateConditionalsMutator
999,NegateConditionalsMutator
1005,NegateConditionalsMutator
1008,NegateConditionalsMutator
1008,NegateConditionalsMutator
1008,NegateConditionalsMutator
1015,NegateConditionalsMutator
1023,NegateConditionalsMutator
990,ReturnValsMutator
996,ReturnValsMutator
1001,ReturnValsMutator
1017,ReturnValsMutator
1023,ReturnValsMutator
371,ReturnValsMutator
247,ReturnValsMutator
227,ReturnValsMutator
327,ReturnValsMutator
351,ReturnValsMutator
287,ReturnValsMutator
307,ReturnValsMutator
383,ReturnValsMutator
267,ReturnValsMutator
207,ReturnValsMutator
492,VoidMethodCallMutator
493,VoidMethodCallMutator
517,VoidMethodCallMutator
558,ConditionalsBoundaryMutator
565,ConditionalsBoundaryMutator
544,NegateConditionalsMutator
544,NegateConditionalsMutator
549,NegateConditionalsMutator
558,NegateConditionalsMutator
558,NegateConditionalsMutator
565,NegateConditionalsMutator
565,NegateConditionalsMutator
551,VoidMethodCallMutator
555,VoidMethodCallMutator
560,VoidMethodCallMutator
563,VoidMethodCallMutator
567,VoidMethodCallMutator
408,VoidMethodCallMutator
744,VoidMethodCallMutator
721,MathMutator
723,MathMutator
723,VoidMethodCallMutator
633,MathMutator
588,NegateConditionalsMutator
593,NegateConditionalsMutator
602,NegateConditionalsMutator
605,NegateConditionalsMutator
625,NegateConditionalsMutator
590,VoidMethodCallMutator
612,VoidMethodCallMutator
622,VoidMethodCallMutator
633,VoidMethodCallMutator
772,VoidMethodCallMutator
756,VoidMethodCallMutator
844,ConditionalsBoundaryMutator
854,ConditionalsBoundaryMutator
852,IncrementsMutator
856,MathMutator
861,MathMutator
805,NegateConditionalsMutator
814,NegateConditionalsMutator
822,NegateConditionalsMutator
828,NegateConditionalsMutator
831,NegateConditionalsMutator
831,NegateConditionalsMutator
838,NegateConditionalsMutator
839,NegateConditionalsMutator
844,NegateConditionalsMutator
854,NegateConditionalsMutator
863,NegateConditionalsMutator
870,NegateConditionalsMutator
876,ReturnValsMutator
807,VoidMethodCallMutator
924,ConditionalsBoundaryMutator
895,NegateConditionalsMutator
903,NegateConditionalsMutator
917,NegateConditionalsMutator
924,NegateConditionalsMutator
899,ReturnValsMutator
921,ReturnValsMutator
949,NegateConditionalsMutator
951,NegateConditionalsMutator
967,ReturnValsMutator
1057,ConditionalsBoundaryMutator
1059,IncrementsMutator
1057,MathMutator
1050,NegateConditionalsMutator
1050,NegateConditionalsMutator
1057,NegateConditionalsMutator
1057,NegateConditionalsMutator
1052,ReturnValsMutator
1062,ReturnValsMutator
49,ReturnValsMutator
209,NegateConditionalsMutator
209,NegateConditionalsMutator
197,NegateConditionalsMutator
585,ConditionalsBoundaryMutator
585,IncrementsMutator
585,MathMutator
585,NegateConditionalsMutator
588,NegateConditionalsMutator
595,ReturnValsMutator
685,ConditionalsBoundaryMutator
702,ConditionalsBoundaryMutator
693,MathMutator
696,MathMutator
685,NegateConditionalsMutator
689,NegateConditionalsMutator
693,NegateConditionalsMutator
693,NegateConditionalsMutator
702,NegateConditionalsMutator
702,NegateConditionalsMutator
691,VoidMethodCallMutator
696,VoidMethodCallMutator
702,VoidMethodCallMutator
382,NegateConditionalsMutator
384,VoidMethodCallMutator
388,VoidMethodCallMutator
442,ConditionalsBoundaryMutator
433,MathMutator
438,NegateConditionalsMutator
442,NegateConditionalsMutator
450,NegateConditionalsMutator
440,VoidMethodCallMutator
452,VoidMethodCallMutator
453,VoidMethodCallMutator
458,VoidMethodCallMutator
409,ConditionalsBoundaryMutator
405,NegateConditionalsMutator
409,NegateConditionalsMutator
407,VoidMethodCallMutator
415,VoidMethodCallMutator
620,NegateConditionalsMutator
612,VoidMethodCallMutator
616,VoidMethodCallMutator
618,VoidMethodCallMutator
142,NegateConditionalsMutator
147,NegateConditionalsMutator
152,NegateConditionalsMutator
159,NegateConditionalsMutator
159,NegateConditionalsMutator
161,NegateConditionalsMutator
161,NegateConditionalsMutator
166,NegateConditionalsMutator
168,NegateConditionalsMutator
168,NegateConditionalsMutator
173,NegateConditionalsMutator
174,NegateConditionalsMutator
175,NegateConditionalsMutator
170,VoidMethodCallMutator
181,VoidMethodCallMutator
541,MathMutator
488,NegateConditionalsMutator
491,NegateConditionalsMutator
500,NegateConditionalsMutator
503,NegateConditionalsMutator
507,NegateConditionalsMutator
517,NegateConditionalsMutator
517,NegateConditionalsMutator
523,NegateConditionalsMutator
543,NegateConditionalsMutator
547,NegateConditionalsMutator
547,NegateConditionalsMutator
558,NegateConditionalsMutator
493,VoidMethodCallMutator
497,VoidMethodCallMutator
505,VoidMethodCallMutator
510,VoidMethodCallMutator
519,VoidMethodCallMutator
520,VoidMethodCallMutator
526,VoidMethodCallMutator
527,VoidMethodCallMutator
533,VoidMethodCallMutator
549,VoidMethodCallMutator
550,VoidMethodCallMutator
555,VoidMethodCallMutator
561,VoidMethodCallMutator
562,VoidMethodCallMutator
563,VoidMethodCallMutator
569,VoidMethodCallMutator
225,NegateConditionalsMutator
229,NegateConditionalsMutator
233,NegateConditionalsMutator
233,NegateConditionalsMutator
233,NegateConditionalsMutator
237,NegateConditionalsMutator
241,NegateConditionalsMutator
241,NegateConditionalsMutator
250,NegateConditionalsMutator
250,NegateConditionalsMutator
227,VoidMethodCallMutator
235,VoidMethodCallMutator
239,VoidMethodCallMutator
243,VoidMethodCallMutator
247,VoidMethodCallMutator
358,ConditionalsBoundaryMutator
358,NegateConditionalsMutator
358,NegateConditionalsMutator
358,NegateConditionalsMutator
364,NegateConditionalsMutator
363,VoidMethodCallMutator
263,NegateConditionalsMutator
263,NegateConditionalsMutator
263,ReturnValsMutator
606,ConditionalsBoundaryMutator
606,NegateConditionalsMutator
606,NegateConditionalsMutator
606,NegateConditionalsMutator
606,ReturnValsMutator
325,NegateConditionalsMutator
325,NegateConditionalsMutator
331,NegateConditionalsMutator
333,NegateConditionalsMutator
338,NegateConditionalsMutator
338,NegateConditionalsMutator
327,ReturnValsMutator
341,ReturnValsMutator
344,ReturnValsMutator
276,ReturnValsMutator
280,ReturnValsMutator
291,NegateConditionalsMutator
291,NegateConditionalsMutator
291,ReturnValsMutator
315,ConditionalsBoundaryMutator
302,NegateConditionalsMutator
302,NegateConditionalsMutator
309,NegateConditionalsMutator
310,NegateConditionalsMutator
315,NegateConditionalsMutator
315,NegateConditionalsMutator
304,ReturnValsMutator
312,ReturnValsMutator
315,ReturnValsMutator
60,ReturnValsMutator
76,ReturnValsMutator
116,NegateConditionalsMutator
132,ReturnValsMutator
111,VoidMethodCallMutator
120,VoidMethodCallMutator
125,VoidMethodCallMutator
128,VoidMethodCallMutator
130,VoidMethodCallMutator
81,ReturnValsMutator
637,NegateConditionalsMutator
643,NegateConditionalsMutator
647,NegateConditionalsMutator
652,VoidMethodCallMutator
69,ReturnValsMutator
81,NegateConditionalsMutator
85,NegateConditionalsMutator
88,NegateConditionalsMutator
94,ReturnValsMutator
69,ReturnValsMutator
57,ConditionalsBoundaryMutator
106,ConditionalsBoundaryMutator
106,IncrementsMutator
106,IncrementsMutator
84,MathMutator
57,NegateConditionalsMutator
61,NegateConditionalsMutator
66,NegateConditionalsMutator
70,NegateConditionalsMutator
74,NegateConditionalsMutator
80,NegateConditionalsMutator
80,NegateConditionalsMutator
86,NegateConditionalsMutator
104,NegateConditionalsMutator
106,NegateConditionalsMutator
113,ReturnValsMutator
152,NegateConditionalsMutator
146,VoidMethodCallMutator
729,ConditionalsBoundaryMutator
729,ConditionalsBoundaryMutator
729,NegateConditionalsMutator
729,NegateConditionalsMutator
729,NegateConditionalsMutator
729,NegateConditionalsMutator
729,NegateConditionalsMutator
729,ReturnValsMutator
506,NegateConditionalsMutator
442,NegateConditionalsMutator
446,VoidMethodCallMutator
760,ReturnValsMutator
774,ReturnValsMutator
702,VoidMethodCallMutator
686,ReturnValsMutator
635,NegateConditionalsMutator
639,NegateConditionalsMutator
639,NegateConditionalsMutator
646,NegateConditionalsMutator
646,NegateConditionalsMutator
646,NegateConditionalsMutator
650,NegateConditionalsMutator
650,NegateConditionalsMutator
650,NegateConditionalsMutator
637,ReturnValsMutator
648,ReturnValsMutator
652,ReturnValsMutator
655,ReturnValsMutator
351,ReturnValsMutator
432,ReturnValsMutator
300,ReturnValsMutator
169,ReturnValsMutator
180,NegateConditionalsMutator
180,ReturnValsMutator
241,ReturnValsMutator
195,ReturnValsMutator
205,ReturnValsMutator
524,NegateConditionalsMutator
524,ReturnValsMutator
541,NegateConditionalsMutator
541,ReturnValsMutator
558,NegateConditionalsMutator
558,ReturnValsMutator
402,ReturnValsMutator
570,NegateConditionalsMutator
570,ReturnValsMutator
579,ReturnValsMutator
290,ConditionalsBoundaryMutator
290,NegateConditionalsMutator
290,NegateConditionalsMutator
290,ReturnValsMutator
361,ConditionalsBoundaryMutator
361,NegateConditionalsMutator
361,NegateConditionalsMutator
361,ReturnValsMutator
371,ConditionalsBoundaryMutator
371,NegateConditionalsMutator
371,NegateConditionalsMutator
371,ReturnValsMutator
280,NegateConditionalsMutator
280,ReturnValsMutator
629,ReturnValsMutator
270,ReturnValsMutator
413,ConditionalsBoundaryMutator
413,NegateConditionalsMutator
413,ReturnValsMutator
663,MathMutator
663,MathMutator
662,NegateConditionalsMutator
663,NegateConditionalsMutator
664,ReturnValsMutator
321,ReturnValsMutator
475,MathMutator
463,NegateConditionalsMutator
472,NegateConditionalsMutator
475,NegateConditionalsMutator
481,VoidMethodCallMutator
492,VoidMethodCallMutator
740,NegateConditionalsMutator
744,NegateConditionalsMutator
742,ReturnValsMutator
746,ReturnValsMutator
748,ReturnValsMutator
594,NegateConditionalsMutator
601,NegateConditionalsMutator
605,NegateConditionalsMutator
612,NegateConditionalsMutator
619,ReturnValsMutator
97,ReturnValsMutator
86,NegateConditionalsMutator
86,NegateConditionalsMutator
86,NegateConditionalsMutator
86,ReturnValsMutator
48,NegateConditionalsMutator
54,NegateConditionalsMutator
58,NegateConditionalsMutator
69,NegateConditionalsMutator
151,ReturnValsMutator
132,ReturnValsMutator
195,NegateConditionalsMutator
201,NegateConditionalsMutator
203,NegateConditionalsMutator
212,ReturnValsMutator
70,NegateConditionalsMutator
86,ReturnValsMutator
80,VoidMethodCallMutator
281,NegateConditionalsMutator
288,NegateConditionalsMutator
283,ReturnValsMutator
294,ReturnValsMutator
259,NegateConditionalsMutator
261,ReturnValsMutator
264,ReturnValsMutator
346,ReturnValsMutator
96,ReturnValsMutator
222,ReturnValsMutator
242,ReturnValsMutator
321,ReturnValsMutator
307,NegateConditionalsMutator
307,NegateConditionalsMutator
307,ReturnValsMutator
335,ReturnValsMutator
232,ReturnValsMutator
365,ReturnValsMutator
351,NegateConditionalsMutator
357,ReturnValsMutator
353,VoidMethodCallMutator
340,ReturnValsMutator
394,ReturnValsMutator
379,VoidMethodCallMutator
380,VoidMethodCallMutator
381,VoidMethodCallMutator
382,VoidMethodCallMutator
383,VoidMethodCallMutator
384,VoidMethodCallMutator
385,VoidMethodCallMutator
390,VoidMethodCallMutator
113,ReturnValsMutator
125,NegateConditionalsMutator
127,ReturnValsMutator
227,ReturnValsMutator
240,ReturnValsMutator
253,ReturnValsMutator
266,ReturnValsMutator
281,ReturnValsMutator
152,ReturnValsMutator
140,ReturnValsMutator
326,ReturnValsMutator
101,ReturnValsMutator
313,ReturnValsMutator
201,ReturnValsMutator
178,ReturnValsMutator
173,ReturnValsMutator
224,ReturnValsMutator
150,NegateConditionalsMutator
152,ReturnValsMutator
154,ReturnValsMutator
130,ReturnValsMutator
208,ReturnValsMutator
66,NegateConditionalsMutator
70,NegateConditionalsMutator
74,NegateConditionalsMutator
78,NegateConditionalsMutator
82,NegateConditionalsMutator
86,NegateConditionalsMutator
90,NegateConditionalsMutator
94,NegateConditionalsMutator
98,NegateConditionalsMutator
68,ReturnValsMutator
72,ReturnValsMutator
76,ReturnValsMutator
84,ReturnValsMutator
88,ReturnValsMutator
92,ReturnValsMutator
100,ReturnValsMutator
51,ReturnValsMutator
238,ReturnValsMutator
57,ReturnValsMutator
67,ReturnValsMutator
76,ReturnValsMutator
113,ReturnValsMutator
131,ReturnValsMutator
88,NegateConditionalsMutator
98,NegateConditionalsMutator
98,NegateConditionalsMutator
148,NegateConditionalsMutator
152,NegateConditionalsMutator
163,NegateConditionalsMutator
169,NegateConditionalsMutator
177,ReturnValsMutator
318,NegateConditionalsMutator
53,ReturnValsMutator
58,ReturnValsMutator
88,ReturnValsMutator
105,ReturnValsMutator
167,NegateConditionalsMutator
177,NegateConditionalsMutator
182,NegateConditionalsMutator
188,NegateConditionalsMutator
190,NegateConditionalsMutator
201,NegateConditionalsMutator
203,NegateConditionalsMutator
203,NegateConditionalsMutator
219,NegateConditionalsMutator
226,NegateConditionalsMutator
228,NegateConditionalsMutator
233,NegateConditionalsMutator
244,ReturnValsMutator
151,VoidMethodCallMutator
157,VoidMethodCallMutator
161,VoidMethodCallMutator
196,VoidMethodCallMutator
206,VoidMethodCallMutator
210,VoidMethodCallMutator
217,VoidMethodCallMutator
235,VoidMethodCallMutator
241,VoidMethodCallMutator
242,VoidMethodCallMutator
123,ReturnValsMutator
338,NegateConditionalsMutator
343,NegateConditionalsMutator
343,NegateConditionalsMutator
361,NegateConditionalsMutator
361,NegateConditionalsMutator
352,VoidMethodCallMutator
381,NegateConditionalsMutator
393,NegateConditionalsMutator
390,VoidMethodCallMutator
395,VoidMethodCallMutator
399,VoidMethodCallMutator
256,NegateConditionalsMutator
261,NegateConditionalsMutator
266,NegateConditionalsMutator
273,NegateConditionalsMutator
273,NegateConditionalsMutator
275,NegateConditionalsMutator
275,NegateConditionalsMutator
280,NegateConditionalsMutator
282,NegateConditionalsMutator
294,NegateConditionalsMutator
295,NegateConditionalsMutator
296,NegateConditionalsMutator
286,VoidMethodCallMutator
303,VoidMethodCallMutator
304,VoidMethodCallMutator
411,NegateConditionalsMutator
418,NegateConditionalsMutator
422,NegateConditionalsMutator
427,VoidMethodCallMutator
65,ConditionalsBoundaryMutator
65,MathMutator
67,MathMutator
65,NegateConditionalsMutator
65,NegateConditionalsMutator
65,NegateConditionalsMutator
65,NegateConditionalsMutator
70,ReturnValsMutator
37,NegateConditionalsMutator
41,NegateConditionalsMutator
45,NegateConditionalsMutator
39,ReturnValsMutator
43,ReturnValsMutator
47,ReturnValsMutator
50,ReturnValsMutator
1090,ReturnValsMutator
